ID,Module,GenomeRegion,NucleotideChange,AminoAcidChange,CoreMutation,RelatedVariant
1,0,N,GGG28881AAC,RG203KR,YES,GR
2,1,5'UTR,G210T,Extragenic,YES,GK
3,1,NSP3,G4181T,A488S,YES,GK
4,1,NSP3,C6402T,P1228L,YES,GK
5,1,NSP3,C7124T,P1469S,YES,GK
6,1,NSP3,C7851T,A1711V,,GK
7,1,NSP4,C8986T,D144D,YES,GK
8,1,NSP4,G9053T,V167L,YES,GK
9,1,NSP4,C10029T,T492I,YES,GK
10,1,NSP6,A11201G,T77A,YES,GK
11,1,NSP6,A11332G,V120V,YES,GK
12,1,NSP12b,G15451A,G662S,YES,GK
13,1,NSP13,C16466T,P77L,YES,GK
14,1,NSP13,T17040C,N268N,,GK
15,1,NSP14,C19220T,A394V,YES,GK
16,1,S,C21618G,T19R,YES,GK
17,1,S,C21846T,T95I,,GK
18,1,S,G21987A,G142D,,GK
19,1,S,AGTTCA22029.,E156,YES,GK
20,1,S,T22917G,L452R,,GK
21,1,S,C22995A,T478K,YES,GK
22,1,S,C23604G,P681R,YES,GK
23,1,S,G24410A,D950N,YES,GK
24,1,ORF3a,C25469T,S26L,YES,GK
25,1,M,T26767C,I82T,YES,GK
26,1,ORF7a,T27638C,V82A,YES,GK
27,1,ORF7a,C27752T,T120I,YES,GK
28,1,ORF7b,C27874T,T40I,YES,GK
29,1,ORF8,GATTTC28248.,D119del,YES,GK
30,1,N,A28461G,D63G,YES,GK
31,1,N,G28881T,R203M,YES,GK
32,1,N,G28916T,G215C,YES,GK
33,1,N,G29402T,D377Y,,GK
34,1,3'UTR,G29742T,Extragenic,,GK
35,2,NSP2,C913T,S36S,YES,GRY
36,2,NSP3,C3267T,T183I,YES,GRY
37,2,NSP3,C5388A,A890D,YES,GRY
38,2,NSP3,C5986T,F1089F,YES,GRY
39,2,NSP3,T6954C,I1412T,YES,GRY
40,2,NSP6,TCTGGTTTT11288.,S106,YES,GRY
41,2,NSP12b,C14676T,P403P,YES,GRY
42,2,NSP12b,C15279T,H604H,YES,GRY
43,2,NSP12b,T16176C,T903T,YES,GRY
44,2,NSP13,A17615G,K460R,,GRY
45,2,S,TACATG21765.,H69del,YES,GRY
46,2,S,ATT21993.,Y145del,YES,GRY
47,2,S,A23063T,N501Y,YES,GRY
48,2,S,C23271A,A570D,YES,GRY
49,2,S,C23604A,P681H,YES,GRY
50,2,S,C23709T,T716I,YES,GRY
51,2,S,T24506G,S982A,YES,GRY
52,2,S,G24914C,D1118H,YES,GRY
53,2,ORF8,C27972T,Q27*,YES,GRY
54,2,ORF8,G28048T,R52I,YES,GRY
55,2,ORF8,A28111G,Y73C,YES,GRY
56,2,N,GAT28280CTA,D3L,YES,GRY
57,2,N,C28977T,S235F,YES,GRY
58,3,NSP1,T733C,D156D,YES,GR subvariant
59,3,NSP3,C2749T,D10D,YES,GR subvariant
60,3,NSP3,C3828T,S370L,YES,GR subvariant
61,3,NSP3,A5648C,K977Q,YES,GR subvariant
62,3,NSP3,A6319G,P1200P,YES,GR subvariant
63,3,NSP3,A6613G,V1298V,YES,GR subvariant
64,3,NSP9,C12778T,Y31Y,YES,GR subvariant
65,3,NSP12b,C13860T,D131D,YES,GR subvariant
66,3,NSP13,G17259T,E341D,YES,GR subvariant
67,3,S,C21621A,T20N,YES,GR subvariant
68,3,S,C21638T,P26S,YES,GR subvariant
69,3,S,G21974T,D138Y,,GR subvariant
70,3,S,G22132T,R190S,YES,GR subvariant
71,3,S,A22812C,K417T,YES,GR subvariant
72,3,S,C23525T,H655Y,YES,GR subvariant
73,3,S,C24642T,T1027I,YES,GR subvariant
74,3,S,G25088T,V1176F,YES,GR subvariant
75,3,ORF3a,T26149C,S253P,YES,GR subvariant
76,3,ORF8,G28167A,E92K,,GR subvariant
77,3,N,C28512G,P80R,YES,GR subvariant
78,3,N,AG28877TC,S201S,YES,GR subvariant
79,4,5'UTR,G204T,Extragenic,,GV
80,4,NSP1,T445C,V60V,YES,GV
81,4,NSP3,C6286T,T1189T,YES,GV
82,4,NSP16,G21255C,A199A,YES,GV
83,4,S,C21614T,L18F,,GV
84,4,S,C22227T,A222V,,GV
85,4,M,C26801G,L93L,YES,GV
86,4,ORF8,C27944T,H17H,,GV
87,4,N,C28932T,A220V,YES,GV
88,4,ORF10,G29645T,V30L,YES,GV
89,5,NSP5,C10319T,L89F,,GH subvariant
90,5,NSP14,A18424G,N129D,YES,GH subvariant
91,5,NSP16,C21304T,R216C,YES,GH subvariant
92,5,ORF3a,G25907T,G172V,YES,GH subvariant
93,5,ORF8,C27964T,S24L,,GH subvariant
94,5,N,C28472T,P67S,YES,GH subvariant
95,5,N,C28869T,P199L,,GH subvariant
96,5,N,G28975T,M234I,,GH subvariant
97,6,NSP1,C313T,L16L,,GR subvariant
98,6,NSP3,T4346C,S543P,YES,GR subvariant
99,6,NSP4,C9286T,N244N,YES,GR subvariant
100,6,NSP5,C10376T,P108S,YES,GR subvariant
101,6,NSP12b,C14708T,A414V,YES,GR subvariant
102,6,N,C28725T,P151L,YES,GR subvariant
103,6,3'UTR,G29692T,Extragenic,YES,GR subvariant
104,7,NSP2,A1163T,I120F,,GR subvariant
105,7,NSP3,T7540C,T1607T,YES,GR subvariant
106,7,NSP13,G16647T,T137T,YES,GR subvariant
107,7,NSP14,C18555T,D172D,YES,GR subvariant
108,7,S,G22992A,S477N,,GR subvariant
109,7,S,G23401A,Q613Q,YES,GR subvariant
110,8,NSP3,C5184T,P822L,YES,GK subvariant
111,8,NSP3,A5584G,T955T,YES,GK subvariant
112,8,NSP4,C9891T,A446V,YES,GK subvariant
113,8,NSP6,T11418C,V149A,YES,GK subvariant
114,8,NSP6,C11514T,T181I,YES,GK subvariant
115,8,NSP9,C13019T,R111R,YES,GK subvariant
116,9,5'UTR,C241T,Extragenic,YES,G
117,9,NSP3,C3037T,F106F,YES,G
118,9,NSP12b,C14408T,P314L,YES,G
119,9,S,A23403G,D614G,YES,G
120,10,NSP2,C2110T,N435N,YES,GRY subvariant
121,10,NSP12b,C14120T,P218L,YES,GRY subvariant
122,10,NSP12b,T15096C,N543N,,GRY subvariant
123,10,S,G23012A,E484K,,GRY subvariant
124,10,ORF8,A28095T,K68*,,GRY subvariant
125,11,NSP3,G5572T,M951I,,V
126,11,NSP6,G11083T,L37F,YES,V
127,11,NSP12b,C14805T,Y446Y,,V
128,11,ORF3a,G26144T,G251V,YES,V
129,13,NSP4,C8782T,S76S,YES,S
130,13,ORF8,T28144C,L84S,YES,S
131,14,NSP14,C18877T,C279C,YES,GH subvariant
132,14,M,C26735T,Y71Y,YES,GH subvariant
133,15,NSP2,C1059T,T85I,,GH
134,15,ORF3a,G25563T,Q57H,YES,GH
135,16,NSP15,A20268G,L216L,YES,G subvariant
136,16,N,C28854T,S194L,YES,G subvariant
